{
  "id": "cavalry",
  "title": "Cavalry",
  "description": "The Cavalry system for FoundryVTT!",
  "authors": [
    {
      "name": "Ilya Vasiuk",
      "discord": "ilyavasiuk"
    }
  ],
  "url": "https://github.com/ilya-vasiuk/foundryvtt-cavalry",
  "license": "LICENSE.txt",
  "readme": "README.md",
  "bugs": "",
  "changelog": "",
  "media": [
    {
      "type": "setup",
      "url": "systems/cavalry/assets/anvil-impact.png",
      "thumbnail": "systems/cavalry/assets/anvil-impact.png"
    }
  ],
  "version": "0.0.1",
  "compatibility": {
    "minimum": 11,
    "verified": "11.315"
  },
  "esmodules": ["module/cavalry.mjs"],
  "styles": ["css/cavalry.css"],
  "languages": [
    {
      "lang": "en",
      "name": "English",
      "path": "lang/en.json"
    }
  ],
  "packs": [],
  "packFolders": [],
  "socket": false,
  "manifest": "https://raw.githubusercontent.com/ilya-vasiuk/foundryvtt-cavalry/refs/heads/main/system.json",
  "download": "https://raw.githubusercontent.com/ilya-vasiuk/foundryvtt-cavalry/refs/heads/main/foundryvtt-cavalry.zip",
  "background": "systems/cavalry/assets/anvil-impact.png",
  "gridDistance": 5,
  "gridUnits": "ft",
  "primaryTokenAttribute": "health",
  "secondaryTokenAttribute": "power"
}
